str_custom_map_1|
str_custom_map_2|
str_custom_map_3|
str_custom_map_4|
str_custom_map_5|
str_custom_map_6|
str_custom_map_7|
str_custom_map_8|
str_custom_map_9|
str_custom_map_10|
str_custom_map_11|
str_custom_map_12|
str_custom_map_13|
str_custom_map_14|
str_custom_map_15|
str_custom_map_16|
str_custom_map_17|
str_custom_map_18|
str_custom_map_19|
str_custom_map_20|
str_custom_map_1_sea|
str_custom_map_2_sea|
str_custom_map_3_sea|
str_custom_map_4_sea|
str_custom_map_5_sea|
str_custom_map_6_sea|
str_custom_map_7_sea|
str_custom_map_8_sea|
str_custom_map_9_sea|
str_custom_map_10_sea|
str_custom_map_11_sea|
str_custom_map_12_sea|
str_custom_map_13_sea|
str_custom_map_14_sea|
str_custom_map_15_sea|
str_custom_map_16_sea|
str_custom_map_17_sea|
str_custom_map_18_sea|
str_custom_map_19_sea|
str_custom_map_20_sea|
str_custom_map_1_sea_capt|
str_custom_map_2_sea_capt|
str_custom_map_3_sea_capt|
str_custom_map_4_sea_capt|
str_custom_map_5_sea_capt|
str_custom_map_6_sea_capt|
str_custom_map_7_sea_capt|
str_custom_map_8_sea_capt|
str_custom_map_9_sea_capt|
str_custom_map_10_sea_capt|
str_custom_map_11_sea_capt|
str_custom_map_12_sea_capt|
str_custom_map_13_sea_capt|
str_custom_map_14_sea_capt|
str_custom_map_15_sea_capt|
str_custom_map_16_sea_capt|
str_custom_map_17_sea_capt|
str_custom_map_18_sea_capt|
str_custom_map_19_sea_capt|
str_custom_map_20_sea_capt|
